"story_id","nl","folio_gold_fol","siv_canonical_fol","siv_recall","siv_precision","siv_f1","bleu","exact_match"
"380","People in this club who chaperone high school dances are not students who attend the school.","∀x (InThisClub(x) ∧ Chaperone(x, highSchoolDance) → ¬(Studen(x) ∧ AttendSchool(x)))","all x.(exists y.((Person(x) & In(x, theClub) & Chaperone(x, y) & HighSchoolDance(y))) -> -((Student(x) & Attend(x, theSchool))))","0.0","1.0","0.0","0.2218112359016879","0.0"
"380","All people in this club who are inactive and disinterested members of their community chaperone high school dances.","∀x (InThisClub(x) ∧ (InActive(x) ∧ Disinterested(x) ∧ MemberOf(x, community)) → Chaperone(x, highSchoolDances))","all x.((Person(x) & In(x, theClub) & Inactive(x) & Disinterested(x) & MemberOf(x, theirCommunity) & Community(theirCommunity)) -> exists y.(HighSchoolDance(y) & Chaperone(x, y)))","0.5","1.0","0.6666666666666666","0.30844249984371963","0.0"
"426","Everyone who has lunch in the company building schedules meetings with their customers.","∀x ((Employee(x) ∧ HasLunch(x, company)) → Schedule(x, meeting, customers))","all x.(exists y.((HasLunchIn(x, y) & CompanyBuilding(y))) -> exists z.(exists w.((Meeting(z) & Customer(w))) & Schedule(x, z)))","0.3333333333333333","1.0","0.5","0.10488689250348157","0.0"
"426","If an employee has lunch at home, they are working remotely from home.","∀x ((Employee(x) ∧ HasLunch(x, home)) → Work(x, home))","(exists x.(Employee(x) & HasLunchAt(x, home)) -> exists x.(Employee(x) & WorkRemotelyFrom(x, home)))","0.0","","","0.42504319447263067","0.0"
"426","All employees who are in other countries work remotely from home.","∀x ((Employee(x) ∧ (¬In(x, homecountry))) → Work(x, home))","all x.(exists y.((Employee(x) & In(x, y) & OtherCountry(y))) -> WorkRemotelyFrom(x, home))","0.0","1.0","0.0","0.45578757886715615","0.0"
"426","No managers work remotely from home.","∀x (Manager(x) → ¬Work(x, home))","all x.(Manager(x) -> -WorkRemotelyFrom(x, home))","0.0","1.0","0.0","0.6926989774939868","0.0"
"198","Monkeypox virus can occur in certain animals.","∃x (Animal(x) ∧ OccurIn(monkeypoxVirus, x))","exists x.(Animal(x) & OccurIn(monkeypoxVirus, x))","1.0","","","0.8415266720024048","0.0"
"198","Humans are mammals.","∀x (Human(x) → Mammal(x))","all x.(Human(x) -> Mammal(x))","1.0","1.0","1.0","0.829288386658654","0.0"
"198","Mammals are animals.","∀x (Mammal(x) → Animal(x))","all x.(Mammal(x) -> Animal(x))","1.0","1.0","1.0","0.829288386658654","0.0"
"198","Symptoms of Monkeypox include fever, headache, muscle pains, and tiredness.","∃x (SymptonOf(x, monkeypoxVirus) ∧ (Fever(x) ∨ Headache(x) ∨ MusclePain(x) ∨ Tired(x)))","(SymptomOf(fever, monkeypox) & SymptomOf(headache, monkeypox) & SymptomOf(musclePains, monkeypox) & SymptomOf(tiredness, monkeypox))","0.0","1.0","0.0","0.04317900023606588","0.0"
"0","There are six types of wild turkeys: Eastern wild turkey, Osceola wild turkey, Gould’s wild turkey, Merriam’s wild turkey, Rio Grande wild turkey, and Ocellated wild turkey.","∀x (WildTurkey(x) → (EasternWildTurkey(x) ∨ OsceolaWildTurkey(x) ∨ GouldsWildTurkey(x) ∨ MerriamsWildTurkey(x) ∨ RiograndeWildTurkey(x) ∨ OcellatedWildTurkey(x)))","(TypeOfWildTurkey(easternWildTurkey) & TypeOfWildTurkey(osceolaWildTurkey) & TypeOfWildTurkey(gouldsWildTurkey) & TypeOfWildTurkey(merriamsWildTurkey) & TypeOfWildTurkey(rioGrandeWildTurkey) & TypeOfWildTurkey(ocellatedWildTurkey))","0.0","1.0","0.0","0.02912973268471527","0.0"
"0","Tom is not an Eastern wild turkey.","¬(EasternWildTurkey(tom))","-EasternWildTurkey(tom)","1.0","1.0","1.0","0.43472087194499137","0.0"
"0","Tom is not an Osceola wild turkey.","¬(OsceolaWildTurkey(tom))","-OsceolaWildTurkey(tom)","1.0","1.0","1.0","0.43472087194499137","0.0"
"0","Tom is not a Gould's wild turkey.","¬(GouldsWildTurkey(tom))","-GouldsWildTurkey(tom)","1.0","1.0","1.0","0.43472087194499137","0.0"
"0","Tom is neither a Merriam's wild turkey nor a Rio Grande wild turkey.","¬(MerriamsWildTurkey(tom) ∨ RiograndeWildTurkey(tom))","(-MerriamsWildTurkey(tom) & -RioGrandeWildTurkey(tom))","1.0","1.0","1.0","0.4124914892312111","0.0"
"0","Tom is a wild turkey.","WildTurkey(tom)","WildTurkey(tom)","1.0","1.0","1.0","1.0000000000000004","1.0"
"20","A Japanese game company created the game the Legend of Zelda.","Game(theLegendofZelda) ∧ ∃x (Japanese(x) ∧ VideoGameCompany(x) ∧ Created(x, theLegendofZelda))","exists x.(JapaneseGameCompany(x) & Created(x, legendOfZelda))","0.5","","","0.3279074903447988","0.0"
"20","All games on the Top 10 list are made by Japanese game companies.","∀x ∀y ((Game(x) ∧ InTop10(x) ∧ Created(y,x)) → Japanese(y))","all x.((Game(x) & OnTop10List(x)) -> exists y.(JapaneseGameCompany(y) & MadeBy(x, y)))","0.5","1.0","0.6666666666666666","0.39558801330978693","0.0"
"20","The Legend of Zelda sold more than one million copies.","∃y(GreaterThan(y, oneMillion) ∧ CopiesSold(theLegendofZelda,y))","SoldMoreThanOneMillionCopies(theLegendOfZelda)","0.0","1.0","0.0","0.02719665272174911","0.0"
"282","All squares are four-sided.","∀x (Square(x) → FourSided(x))","all x.(Square(x) -> FourSided(x))","1.0","1.0","1.0","0.829288386658654","0.0"
"282","All four-sided things are shapes.","∀x (FourSided(x) → Shape(x))","all x.(FourSided(x) -> Shape(x))","1.0","1.0","1.0","0.829288386658654","0.0"
"471","All rabbits that can be spotted near the campus are cute.","∀x (Rabbit(x) ∧ CanBeSpottedNear(x, campus) → Cute(x))","all x.((Rabbit(x) & SpottedNear(x, theCampus)) -> Cute(x))","0.0","1.0","0.0","0.5603649527070331","0.0"
"471","Some turtles can be spotted near the campus.","∃x (Turtle(x) ∧ CanBeSpottedNear(x, campus))","exists x.(Turtle(x) & SpottedNear(x, theCampus))","0.5","","","0.4500702860539165","0.0"
"471","All the squirrels that can be spotted near the campus are skittish.","∀x (Squirrel(x) ∧ CanBeSpottedNear(x, campus) → Skittish(x))","all x.((Squirrel(x) & CanBeSpottedNear(x, theCampus)) -> Skittish(x))","0.0","1.0","0.0","0.6883925026461181","0.0"
"471","Rockie can be spotted near the campus, and it is calm.","CanBeSpottedNear(rockie, campus) ∧ Calm(rockie)","(SpottedNear(rockie, campus) & Calm(rockie))","0.3333333333333333","1.0","0.5","0.7446697386219444","0.0"
"184","""Stranger Things"" is a popular Netflix show.","NetflixShow(strangerThings) ∧ Popular(strangerThings)","PopularNetflixShow(strangerThings)","0.0","1.0","0.0","0.17747405280050266","0.0"
"184","If a Netflix show is popular, Karen will binge-watch it.","∀x ((NetflixShow(x) ∧ Popular(x)) → BingeWatch(karen, x))","all x.((NetflixShow(x) & Popular(x)) -> BingeWatch(karen, x))","1.0","1.0","1.0","0.8990026845785034","0.0"
"184","If and only if Karen binge-watches a Netflix show, she will download it.","∀x ((NetflixShow(x) ∧ BingeWatch(karen, x)) ↔ Download(karen, x))","(BingeWatch(karen) <-> Download(karen))","0.0","1.0","0.0","0.2974309561779646","0.0"
"184","Karen does not download ""Black Mirror.""","¬Download(karen, blackMirror)","-Download(karen, blackMirror)","1.0","1.0","1.0","1.0000000000000004","1.0"
"184","""Black Mirror"" is a Netflix show.","NetflixShow(blackMirror)","NetflixShow(blackMirror)","1.0","1.0","1.0","1.0000000000000004","1.0"
"184","If Karen binge-watches a Netflix show, she will share it with Lisa.","∀x ((NetflixShow(x) ∧ BingeWatch(karen, x)) → ShareWith(karen, x, lisa))","(exists x.(NetflixShow(x) & BingeWatch(karen)) -> exists x.(NetflixShow(x) & ShareWith(karen, lisa)))","0.0","","","0.4541511788498719","0.0"
"232","Beijing is the capital of the People's Republic of China.","CapitalOf(beijing, peoplesRepublicOfChina)","CapitalOf(beijing, peoplesRepublicOfChina)","1.0","1.0","1.0","1.0000000000000004","1.0"
"232","Beijing is the capital city of the world's most populous nation.","∃x (CapitalOf(beijing, x) → WorldsMostPopulousNation(x))","exists x.(MostPopulousNation(x) & CapitalCityOf(beijing, x))","0.5","","","0.3850322886878711","0.0"
"232","Beijing is located in Northern China.","LocatedIn(beijing, northernChina)","LocatedIn(beijing, northernChina)","1.0","1.0","1.0","1.0000000000000004","1.0"
"232","Beijing hosted the 2008 Summer Olympics and 2008 Summer Paralympics Games.","Hosted(beijing, 2008SummerOlympics) ∧ Hosted(beijing, 2008SummerParalympicGames)","(Hosted(beijing, summerOlympics2008) & Hosted(beijing, summerParalympics2008))","0.0","1.0","0.0","0.5078431769269645","0.0"
"232","Many of Beijing's 91 universities consistently rank among the best universities in the world.","∃x (University(x) ∧ InBeijing(x) ∧ ConsistentlyRankAmongTheBestIn(x, theWorld))","exists x.(UniversityInBeijing(x) & RankAmongBest(x))","0.5","","","0.21111871760808984","0.0"
"452","All aliens are extraterrestrials.","∀x (Alien(x) → Extraterrestrial(x))","all x.(Alien(x) -> Extraterrestrial(x))","1.0","1.0","1.0","0.829288386658654","0.0"
"452","If someone is from Mars, then they are an alien.","∀x (From(x, mars) → Alien(x))","all x.((FromMars(x) -> Alien(x)))","0.0","1.0","0.0","0.5001643305337219","0.0"
"452","No extraterrestrials are human.","∀x (Extraterrestrial(x) → ¬Human(x))","all x.(Extraterrestrial(x) -> -Human(x))","1.0","1.0","1.0","0.8415266720024048","0.0"
"452","All highly intelligent beings from Earth are humans.","∀x (HighlyIntelligentBeing(x) ∧ From(x, earth) → Human(x))","all x.((HighlyIntelligent(x) & Being(x) & From(x, earth)) -> Human(x))","0.0","1.0","0.0","0.5425411500681427","0.0"
"452","Marvin is a highly intelligent being.","HighlyIntelligentBeing(marvin)","HighlyIntelligentBeing(marvin)","1.0","1.0","1.0","1.0000000000000004","1.0"
"452","If Marvin is not from Earth, then Marvin is an extraterrestrial.","¬From(marvin, earth) → Extraterrestrial(marvin)","(-From(marvin, earth) -> Extraterrestrial(marvin))","1.0","","","0.8574039191604418","0.0"
"340","Everyone at the mixer is a Grand Slam champion or an Oscar-nominated actor.","∀x (At(x, mixer) → (GrandSlam(x) ∧ Champion(x)) ∨ (OscarNominated(x) ∧ Actor(x)))","all x.(At(x, theMixer) -> (GrandSlamChampion(x) | OscarNominatedActor(x)))","0.0","1.0","0.0","0.32194428656876584","0.0"
"340","All professional tennis players at the mixer are athletes.","∀x (At(x, mixer) ∧ Professional(x) ∧ TennisPlayer(x) → Athlete(x))","all x.((ProfessionalTennisPlayer(x) & At(x, theMixer)) -> Athlete(x))","0.0","1.0","0.0","0.48938227328838485","0.0"
"340","If a person at the mixer is a celebrity, then they are well paid.","∀x (At(x, mixer) ∧ Celebrity(x) → WellPaid(x))","all x.((Person(x) & At(x, theMixer) & Mixer(theMixer)) -> (Celebrity(x) -> WellPaid(x)))","0.0","1.0","0.0","0.3147597773147082","0.0"
"340","If a person at the mixer is an athlete, then they are famous.","∀x (At(x, mixer) ∧ Athlete(x) → Famous(x))","all x.((Person(x) & At(x, theMixer)) -> (Athlete(x) -> Famous(x)))","0.0","1.0","0.0","0.3993766570716197","0.0"
"340","All well-paid people at the mixer live in tax havens.","∀x (At(x, mixer) ∧ WellPaid(x) → LiveIn(x, taxHaven))","all x.((WellPaid(x) & Person(x) & At(x, theMixer)) -> exists y.(TaxHaven(y) & LiveIn(x, y)))","0.5","1.0","0.6666666666666666","0.18875960786964396","0.0"
"340","Djokovic is at the mixer: if Djokovic is a famous athlete, then Djokovic is well-paid.","At(djokovic, mixer) ∧ (Famous(djokovic) ∧ Athlete(djokovic) → WellPaid(djokovic))","(At(djokovic, mixer) & (FamousAthlete(djokovic) -> WellPaid(djokovic)))","0.3333333333333333","1.0","0.5","0.677593999948928","0.0"
"96","Diamond Mine is a professional wrestling stable formed in WWE.","ProfessionalWrestlingStable(diamondMine) ∧ In(diamondMine, wWE)","(ProfessionalWrestlingStable(diamondMine) & FormedIn(diamondMine, wwe))","0.3333333333333333","1.0","0.5","0.40292759186936566","0.0"
"96","Roderick Strong leads Diamond Mine.","Leads(roderickStrong, diamondMine)","Leads(roderickStrong, diamondMine)","1.0","1.0","1.0","1.0000000000000004","1.0"
"96","Diamond Mine includes the Creed Brothers and Ivy Nile.","Includes(diamondMine, creedBrothers) ∧ Includes(diamondMine, ivyNile)","(Includes(diamondMine, creedBrothers) & Includes(diamondMine, ivyNile))","1.0","1.0","1.0","0.8574039191604418","0.0"
"96","Imperium has a feud with Diamond Mine.","Feuds(imperium, diamondMine)","HasFeudWith(imperium, diamondMine)","0.0","1.0","0.0","0.7598356856515927","0.0"
"219","Composers write music pieces.","∀x (MusicPiece(x) → ∃y (Composer(y) ∧ Write(y, x)))","all x.(Composer(x) -> exists y.(MusicPiece(y) & Write(x, y)))","0.5","1.0","0.6666666666666666","0.5483450780609684","0.0"
"219","Vienna Music Society is an orchestra.","Orchestra(viennaMusicSociety)","Orchestra(viennaMusicSociety)","1.0","1.0","1.0","1.0000000000000004","1.0"
"219","Beethoven leads the Vienna Music Society.","Lead(beethoven, viennaMusicSociety)","Leads(beethoven, viennaMusicSociety)","0.0","1.0","0.0","0.7598356856515927","0.0"
"350","All of Zaha Hadid's design styles that Max adores have interesting geometries.","∀x (Adore(max, x) ∧ ZahaHadid(x) ∧ DesignStyle(x) → InterestingGeometry(x))","all x.((DesignStyleOf(x, zahaHadid) & Adore(max, x)) -> InterestingGeometry(x))","0.0","1.0","0.0","0.5208202637221084","0.0"
"350","No brutalist buildings that Max adores have interesting geometries.","∀x (Adore(max, x) ∧ BrutalistBuilding(x) → ¬InterestingGeometry(x))","all x.((BrutalistBuilding(x) & Adores(max, x)) -> -InterestingGeometry(x))","0.0","1.0","0.0","0.6093757276308656","0.0"
"350","All of Kelly Wearstler's design styles that Max adores are evocative.","∀x (Adore(max, x) ∧ KellyWearstler(x) ∧ DesignStyle(x) → Evocative(x))","all x.((DesignStyleOf(x, kellyWearstler) & Adores(max, x)) -> Evocative(x))","0.0","1.0","0.0","0.4766601676170153","0.0"
"350","All of Kelly Wearstler's design styles that Max adores are dreamy.","∀x (Adore(max, x) ∧ KellyWearstler(x) ∧ DesignStyle(x) → Dreamy(x))","all x.((DesignStyleOf(x, kellyWearstler) & Adores(max, x)) -> Dreamy(x))","0.0","1.0","0.0","0.4766601676170153","0.0"
"350","If a design by Max that he adores has interesting geometries, then the design is a brutalist building and evocative.","∃x (Adore(max, x) ∧ Design(x) ∧ ByMax(x) ∧ InterestingGeometry(x) → BrutalistBuilding(x) ∧ Evocative(x))","all x.((DesignBy(x, max) & Adores(max, x) & HasInterestingGeometries(x)) -> (BrutalistBuilding(x) & Evocative(x)))","0.0","1.0","0.0","0.4630956329738256","0.0"
"385","If someone is ranked highly by the Women's Tennis Association, then they are one of the most active players in major tennis.","∀x (RankedHighlyBy(x, womensTennisAssociation) → MostActivePlayerIn(x, majorTennis))","all x.((RankedHighlyByWTA(x) -> MostActivePlayerInMajorTennis(x)))","0.0","1.0","0.0","0.1487964117124549","0.0"
"385","Everyone who lost to Iga Świątek at Roland Garros 2022 is ranked highly by the Women's Tennis Association.","∀x (LostTo(x, świątek) ∧  At(x, rolandGarros2022) → RankedHighlyBy(x, womensTennisAssociation))","all x.((LostTo(x, igaSwiatek) & At(x, rolandGarros2022)) -> RankedHighlyBy(x, wta))","0.0","1.0","0.0","0.6085689072807023","0.0"
"385","All female tennis players at Roland Garros 2022 lost to Iga Świątek.","∀x (FemaleTennisPlayer(x) ∧ At(x, rolandGarros2022) → LostTo(x, świątek) ∧  At(x, rolandGarros2022))","all x.((FemaleTennisPlayer(x) & At(x, rolandGarros2022)) -> LostTo(x, igaSwiatek))","0.0","1.0","0.0","0.6277590078563839","0.0"
"385","All male tennis players at Roland Garros in 2022 lost to Rafael Nadal.","∀x (Male(x) ∧ TennisPlayer(x) ∧ At(x, rolandGarros2022) → LostTo(x, świątek) ∧ At(x, rolandGarros2022))","all x.((MaleTennisPlayer(x) & At(x, rolandGarros2022)) -> LostTo(x, rafaelNadal))","0.0","1.0","0.0","0.47815509731693623","0.0"
"385","If Coco Gauff is ranked highly by the Women's Tennis Association or lost to Rafael Nadal, then Coco Gauff is not a male tennis player at Roland Garros 2022.","RankedHighlyBy(cocoGauff, womensTennisAssociation) ∨ (LostTo(cocoGauff, świątek) ∧ LostAt(cocoGauff, rolandGarros2022)) → ¬(Male(cocoGauff) ∧ TennisPlayer(cocoGauff) ∧ AtRolandGarros2022(cocoGauff))","((RankedHighlyBy(cocoGauff, wta) | LostTo(cocoGauff, rafaelNadal)) -> -MaleTennisPlayerAt(cocoGauff, rolandGarros2022))","0.0","","","0.3285955086325902","0.0"
"385","Coco Gauff is at Roland Garros 2022.","TennisPlayer(cocoGauff) ∧ At(cocoGauff, rolandGarros2022)","At(cocoGauff, rolandGarros2022)","1.0","1.0","1.0","0.4617366309441026","0.0"
"256","All cats are mammals.","∀x (Cat(x) → Mammal(x))","all x.(Cat(x) -> Mammal(x))","1.0","1.0","1.0","0.829288386658654","0.0"
"256","Some pets are not mammals.","∃x (Pet(x) ∧ ¬Mammal(x))","exists x.(Pet(x) & -Mammal(x))","1.0","","","0.829288386658654","0.0"
"159","All students who want to have a long vacation have summer as their favorite season.","∀x (Want(x, longvacation) → Favorite(x, summer))","all x.((Student(x) & WantLongVacation(x)) -> exists y.(Summer(y) & FavoriteSeason(x, y)))","0.5","1.0","0.6666666666666666","0.07713254151030853","0.0"
"159","Emma's favorite season is summer.","Favorite(emma, summer)","FavoriteSeason(emma, summer)","0.0","1.0","0.0","0.7598356856515927","0.0"
"159","James wants to have a long vacation.","Want(james, longVacation)","exists x.(LongVacation(x) & WantsToHave(james, x))","0.5","","","0.06132184825737391","0.0"
"343","No digital media are analog.","∀x (DigitalMedia(x) → ¬AnalogMedia(x))","all x.(DigitalMedia(x) -> -Analog(x))","0.0","1.0","0.0","0.6447651430294847","0.0"
"343","Every printed text is analog media.","∀x (PrintedText(x) → AnalogMedia(x))","all x.(PrintedText(x) -> AnalogMedia(x))","1.0","1.0","1.0","0.829288386658654","0.0"
"343","All streaming services are digital media.","∀x (StreamingService(x) → DigitalMedia(x))","all x.(StreamingService(x) -> DigitalMedia(x))","1.0","1.0","1.0","0.829288386658654","0.0"
"343","If an object is a hardcover book, then it is printed text.","∀x (HardcoverBook(x) → PrintedText(x))","all x.(HardcoverBook(x) -> PrintedText(x))","1.0","1.0","1.0","0.829288386658654","0.0"
"343","If 1984 is a streaming service, then 1984 is a hardcover book.","StreamingService(1984) → HardcoverBook(1984)","(StreamingService(nineteenEightyFour) -> HardcoverBook(nineteenEightyFour))","0.0","","","0.3824602282967347","0.0"
"213","All Romance languages are Indo-European languages.","∀x (RomanceLanguage(x) → IndoEuropeanLanguage(x))","all x.(RomanceLanguage(x) -> IndoEuropeanLanguage(x))","1.0","1.0","1.0","0.829288386658654","0.0"
"213","Romance languages are a language family.","∀x (RomanceLanguage(x) → MemberOf(x, languageFamily))","LanguageFamily(romanceLanguages)","0.0","1.0","0.0","0.02908317710573757","0.0"
"213","All languages within a language family are related to each other.","∀x ∀y ∀z ((MemberOf(x, z) ∧ MemberOf(y, z)) → (Related(x, y) ∧ Related(y, x)))","all x.(Language(x) -> all y.((Language(y) & WithinLanguageFamily(x, y)) -> RelatedTo(x, y)))","0.0","1.0","0.0","0.27101108847546096","0.0"
"213","French and Spanish are both Romance languages.","RomanceLanguage(french) ∧ RomanceLanguage(spanish)","(RomanceLanguage(french) & RomanceLanguage(spanish))","1.0","1.0","1.0","0.8007374029168084","0.0"
"213","German is related to Spanish.","Related(german, spanish)","RelatedTo(german, spanish)","0.0","1.0","0.0","0.7598356856515927","0.0"
"213","Basque is not related to any other language.","∀x (Language(x) → ¬Related(basque, x))","all y.(Language(y) -> -RelatedTo(x, y))","0.0","","","0.24791161688405564","0.0"
"79","Robert Lewandowski is a striker.","Striker(robertLewandowski)","Striker(robertLewandowski)","1.0","1.0","1.0","1.0000000000000004","1.0"
"79","Strikers are soccer players.","∀x (Striker(x) → SoccerPlayer(x))","all x.(Striker(x) -> SoccerPlayer(x))","1.0","1.0","1.0","0.829288386658654","0.0"
"79","Robert Lewandowski left Bayern Munchen.","Left(robertLewandowski, bayernMunchen)","Left(robertLewandowski, bayernMunchen)","1.0","1.0","1.0","1.0000000000000004","1.0"
"79","If a player leaves a team they no longer play for that team.","∀x ∀y (Left(x, y) → ¬PlaysFor(x, y))","all x.(Player(x) -> all y.((Team(y) & Leaves(x, y)) -> -PlaysFor(x, y)))","0.0","1.0","0.0","0.3200311363062195","0.0"
"2","Billings is a city in the state of Montana in U.S.","City(billings) ∧ In(billings, montana)","(CityIn(billings, montana) & StateIn(montana, us))","0.0","1.0","0.0","0.2900322213694999","0.0"
"2","The state of Montana includes the cities of Butte, Helena, and Missoula.","City(butte) ∧ In(butte, montana) ∧ City(helena) ∧ In(helena, montana) ∧ City(missoula) ∧ In(missoula, montana)","(Includes(montana, butte) & Includes(montana, helena) & Includes(montana, missoula))","0.0","1.0","0.0","0.0932455642743766","0.0"
"2","The city of St Pierre is not in the state of Montana.","City(pierre) ∧ ¬(In(pierre, montana))","-(InState(stPierre, montana))","0.0","1.0","0.0","0.21972813874997152","0.0"
"2","Any city in Butte is not in St Pierre.","∀x ((City(x) ∧ City(butte) ∧ In(x, butte)) → ¬(In(x, pierre)))","all x.((City(x) & In(x, butte)) -> -In(x, stPierre))","0.0","1.0","0.0","0.5972378844519001","0.0"
"192","An international student in the US with an F1 visa needs to apply for CPT or OPT if the student wants to work in the US.","∀x (InternationalStudent(x) ∧ In(x, unitedStates) ∧ F1Visa(x) ∧ WantToWorkIn(x, unitedStates) → Apply(x, cpt) ∨ Apply(x, opt))","exists x.((InternationalStudent(x) & In(x, us) & HasVisa(x, f1Visa)) & (WantsToWorkIn(x, us) -> (NeedsToApplyFor(x, cpt) | NeedsToApplyFor(x, opt))))","0.75","","","0.42826420096327944","0.0"
"192","Mike is an international student.","InternationalStudent(mike)","InternationalStudent(mike)","1.0","1.0","1.0","1.0000000000000004","1.0"
"192","Mike needs to apply for CPT if he wants to work in the US.","WantToWorkIn(x, unitedStates) → Apply(mike, cpt)","(WantsToWorkIn(mike, us) -> NeedsToApplyFor(mike, cpt))","0.0","","","0.3259169224191723","0.0"
"442","All Brown Swiss cattle are cows.","∀x (BrownSwissCattle(x) → Cow(x))","all x.(BrownSwissCattle(x) -> Cow(x))","1.0","1.0","1.0","0.829288386658654","0.0"
"442","Some pets are Brown Swiss Cattle.","∃x (Pet(x) ∧ BrownSwissCattle(x))","exists x.(Pet(x) & BrownSwissCattle(x))","1.0","","","0.8149492131269728","0.0"
"442","All cows are domesticated animals.","∀x (Cow(x) → DomesticatedAnimal(x))","all x.(Cow(x) -> DomesticatedAnimal(x))","1.0","1.0","1.0","0.829288386658654","0.0"
"442","Alligators are not domesticated animals.","∀x (Aligator(x) → ¬DomesticatedAnimal(x))","all x.(Alligator(x) -> -DomesticatedAnimal(x))","0.0","1.0","0.0","0.7135499262437225","0.0"
"442","Ted is an alligator.","Aligator(ted)","Alligator(ted)","0.0","1.0","0.0","0.5946035575013604","0.0"
"234","Yale University is a private Ivy League research university.","PrivateIvyLeagueResearchUniversity(yaleUniversity)","PrivateIvyLeagueResearchUniversity(yaleUniversity)","1.0","1.0","1.0","1.0000000000000004","1.0"
"234","Yale University moved to New Haven in 1716.","MovedTo(yaleUniversity, newHaven) ∧ MovedIn(yaleUniversity, year1716)","MovedTo(yaleUniversity, newHaven)","1.0","1.0","1.0","0.3805803001674947","0.0"
"234","Yale university's endowment was valued at $42.3 billion.","ValuedAt(yaleUniversitysEndowment, 42point3billion)","exists x.(EndowmentOf(x, yaleUniversity) & ValuedAt(x, value423Billion))","0.0","","","0.026126300161123828","0.0"
"120","Badults is a British Sitcom series starring members of Pappy's.","∃x (BritishSitcom(badults) ∧ Series(badults) ∧ MemberOf(x, pappys) ∧ Starring(badults, x))","(BritishSitcomSeries(badults) & StarsMembersOf(badults, pappys))","0.0","1.0","0.0","0.17002530995746765","0.0"
"120","Badults was piloted in July 2013 on BBC Three.","PilotedIn(badults, july2013) ∧ PilotedOn(badults, bBCThree)","(PilotedIn(badults, july2013) & On(badults, bbcThree))","0.3333333333333333","1.0","0.5","0.5078431769269645","0.0"
"120","The Working title ""The Secret Dude Society"" was used for Badults.","WorkingTitle(theSecretDudeSociety, badults) ∧ UsedFor(theSecretDudeSociety, badults)","exists x.(exists x.(WorkingTitle(x)) & UsedFor(x, badults))","0.5","","","0.1684578641526478","0.0"
"120","Andrew Collins was the script editor for Badults.","ScriptEditorFor(andrewCollins, badults)","ScriptEditorFor(andrewCollins, badults)","1.0","1.0","1.0","1.0000000000000004","1.0"
"322","All growth stocks are bought to earn profits from rapid price appreciation.","∀x (GrowthStock(x) → BoughtToEarnProfitFrom(x, rapidPriceAppreciation))","all x.(GrowthStock(x) -> exists y.(RapidPriceAppreciation(y) & BoughtToEarnProfits(x, y)))","0.5","1.0","0.6666666666666666","0.2648114172448014","0.0"
"322","If the stock price is bought to earn profits from rapid price appreciation, then it is not suitable for a retirement fund.","∀x (BoughtToEarnProfitFrom(x, earnProfit, rapidPriceAppreciation) → ¬SuitableFor(x, retirementFund))","(BoughtToEarnProfits(stockPrice) -> -SuitableForRetirementFund(stockPrice))","0.0","","","0.14962848372546667","0.0"
"322","Some stocks are growth stocks.","∃x (Stock(x) ∧ GrowthStock(x))","exists x.(Stock(x) & GrowthStock(x))","1.0","","","0.8149492131269728","0.0"
"322","All mature stocks are suitable for a retirement fund.","∀x (MatureStock(x) → SuitableFor(x, retirementFund))","all x.(MatureStock(x) -> SuitableForRetirementFund(x))","0.0","1.0","0.0","0.4810977290978806","0.0"
"322","KO is a mature stock.","MatureStock(kO)","MatureStock(ko)","1.0","1.0","1.0","0.35355339059327373","0.0"
"83","All vehicle registration plates in Istanbul begin with the number 34.","∀x (VehicleRegistrationPlateIn(x, istanbul) → BeginWith(x, num34))","all x.((VehicleRegistrationPlate(x) & In(x, istanbul)) -> BeginWith34(x))","0.0","1.0","0.0","0.2452545869628582","0.0"
"83","Plates that do not begin with the number 34 are not from Istanbul.","∀x (¬BeginWith(x, num34) → ¬FromIstanbul(x))","all x.((Plate(x) & -BeginWith34(x)) -> -FromIstanbul(x))","0.0","1.0","0.0","0.38778155070323456","0.0"
"83","Joe's vehicle registration plate is from Istanbul.","∃x (Owns(joe, x) ∧ VehicleRegistrationPlateIn(x, istanbul))","exists x.(VehicleRegistrationPlateOf(x, joe) & From(x, istanbul))","0.5","","","0.3633698188270101","0.0"
"83","Tom's license plate begins with the number 35.","∃x (Owns(tom, x) ∧ BeginWith(x, num35))","exists x.(LicensePlateOf(x, tom) & BeginsWith(x, number35))","0.5","","","0.14834510734229048","0.0"
"83","If a license plate begins with the number 35, then it does not begin with the number 34.","∀x (BeginWith(x, num35) → ¬BeginWith(x, num34))","all x.((BeginsWith35(x) -> -BeginsWith34(x)))","0.0","1.0","0.0","0.21031444120861045","0.0"
"368","If people at Mary's school work in student jobs on campus, then they need to earn money to help pay for their college tuition.","∀x (At(x, marysSchool) ∧ WorkIn(x, studentJob, campus) → NeedToEarnMoneyToHelpPayFor(x, collegeTuition))","(all x.(exists y.((Person(x) & At(x, marysSchool) & WorkIn(x, y) & StudentJob(y) & OnCampus(y))) -> NeedToEarnMoney(x)) -> all x.(NeedToEarnMoney(x) -> HelpPayFor(x, collegeTuition)))","0.0","","","0.1417780315859438","0.0"
"368","If people at Mary's school enjoy the dining hall meals and recipes, then they spend a lot of their time eating and catching up with friends in the campus dining halls.","∀x (At(x, marysSchool) ∧ Enjoy(x, diningHallMeal) → Spend(x, aLotOfTime, eating) ∧ Spend(x, aLotOfTime, catchingUpWithFriends, diningHall))","(all x.((Person(x) & At(x, marysSchool)) -> (Enjoy(x, diningHallMealsAndRecipes) & DiningHallMealsAndRecipes(diningHallMealsAndRecipes))) -> all x.((Person(x) & At(x, marysSchool)) -> (SpendTimeEating(x) & CatchUpWithFriends(x) & In(x, campusDiningHalls))))","0.0","","","0.11906388418639414","0.0"
"319","No baked sweets are spicy.","∀x (BakedSweet(x) → ¬Spicy(x))","all x.(BakedSweet(x) -> -Spicy(x))","1.0","1.0","1.0","0.8415266720024048","0.0"
"319","All cupcakes are baked sweets.","∀x (Cupcake(x) → BakedSweet(x))","all x.(Cupcake(x) -> BakedSweet(x))","1.0","1.0","1.0","0.829288386658654","0.0"
"319","All mala hotpots are spicy.","∀x (MalaHotpot(x) → Spicy(x))","all x.(MalaHotpot(x) -> Spicy(x))","1.0","1.0","1.0","0.829288386658654","0.0"
"319","All products from Baked by Melissa are cupcakes.","∀x (Product(x) ∧ From(x, bakedByMelissa) → Cupcake(x))","all x.((Product(x) & From(x, bakedByMelissa)) -> Cupcake(x))","1.0","1.0","1.0","0.7699177117087368","0.0"
"319","Dried Thai chilies are spicy or mala hotpots or not baked sweets.","Spicy(driedThaiChili) ∨ MalaHotpot(driedThaiChili)∨ ¬BakedSweet(driedThaiChili)","(Spicy(x) | MalaHotpot(x) | -BakedSweet(x))","0.0","","","0.4007271049288471","0.0"
"306","If a restaurant is listed in Yelp’s recommendations, then the restaurant has not received many negative reviews.","∀x ∃y (ListedIn(x, yelpRecommendation) → NegativeReview(y) ∧ ¬Receive(x, y))","all x.(Restaurant(x) -> (ListedInYelpRecommendations(x) -> -ReceivedManyNegativeReviews(x)))","0.0","1.0","0.0","0.10582542464758472","0.0"
"306","All restaurants with a rating greater than four are listed in Yelp’s recommendations.","∀x ∀y (HaveRating(x, y) ∧ GreaterThan(y, 4) → ListedIn(x, yelpRecommendation))","all x.((Restaurant(x) & RatingGreaterThanFour(x)) -> ListedIn(x, yelpRecommendations))","0.0","1.0","0.0","0.2997420261311085","0.0"
"306","Some restaurants that do not provide take-out service receive many negative reviews.","∃x ∃y (¬Provide(x, takeOutService) → NegativeReview(y) ∧ Receive(x, y))","exists x.(exists y.((Restaurant(x) & -Provide(x, y) & TakeOutService(y))) & exists z.(NegativeReview(z) & Receive(x, z)))","0.4","","","0.2548755781265388","0.0"
"306","All restaurants that are popular among local residents have ratings greater than four.","∀x ∀y (PopularAmong(x, localResidents) → HaveRating(x, y) ∧ GreaterThan(y, 4))","all x.(exists y.((Restaurant(x) & PopularAmong(x, y) & LocalResident(y))) -> HasRatingGreaterThanFour(x))","0.0","1.0","0.0","0.2638691782340031","0.0"
"245","In superhero movies, the good guys always win.","∀x ∀y (SuperheroMovie(x) ∧ In(y, x) ∧ GoodGuy(y) → Wins(y))","all x.(SuperheroMovie(x) -> all y.((GoodGuy(y) & In(y, x)) -> Win(y)))","0.0","1.0","0.0","0.47638534016262996","0.0"
"245","The Surprising Adventures of Sir Digby Chicken Caesar is a superhero movie.","SuperheroMovie(theSurprisingAdventuresofSirDigbyChickenCaesar)","SuperheroMovie(theSurprisingAdventuresOfSirDigbyChickenCaesar)","1.0","1.0","1.0","0.35355339059327373","0.0"
"245","Sir Digby fights his nemesis.","Fight(sirDigby, sirDigbysNemesis)","Fights(sirDigby, hisNemesis)","0.0","1.0","0.0","0.32466791547509904","0.0"
"245","If a superhero movie is named after a character, that character is a good guy.","∀x ∀y (SuperheroMovie(x) ∧ NamedAfter(x, y) → GoodGuy(y))","all x.(SuperheroMovie(x) -> all y.((Character(y) & NamedAfter(x, y)) -> GoodGuy(y)))","1.0","1.0","1.0","0.4688880959073123","0.0"
"245","The Surprising Adventures of Sir Digby Chicken Caesar is named after Sir Digby.","NamedAfter(theSurprisingAdventuresofSirDigbyChickenCaesar, sirDigby)","NamedAfter(theSurprisingAdventures, sirDigby)","0.0","1.0","0.0","0.3799178428257963","0.0"
"245","If a superhero movie is named after a character, that character is in the movie.","∀x ∀y (SuperheroMovie(x) ∧ NamedAfter(x, y) → In(y, x))","all x.(SuperheroMovie(x) -> all y.((Character(y) & NamedAfter(x, y)) -> InMovie(y, x)))","0.0","1.0","0.0","0.42442946403537063","0.0"
"58","Books contain tons of knowledge.","∀x (Book(x) → Contains(x, knowledge))","Contain(x, y)","0.0","","","0.09782375748961453","0.0"
"58","When a person reads a book, that person gains knowledge.","∀x ∀y (ReadBook(x, y) → Gains(x, knowledge))","all x.(Person(x) -> exists y.(Book(y) & (Reads(x, y) -> GainsKnowledge(x))))","0.5","1.0","0.6666666666666666","0.18439274256257154","0.0"
"58","If a person gains knowledge, they become smarter.","∀x (Gains(x, knowledge) → Smarter(x))","all x.(Person(x) -> (GainsKnowledge(x) -> Smarter(x)))","0.0","1.0","0.0","0.34375758200949114","0.0"
"58","Harry read the book “Walden” by Henry Thoreau.","ReadBook(harry, walden) ∧ Book(walden)","exists x.((Book(x) & WrittenBy(x, henryThoreau)) & Read(harry, x))","0.6666666666666666","","","0.05937590863788953","0.0"
"191","If the output of a natural language processing task is a text sequence, then it is a language generation task.","∀x (NaturalLanguageProcessingTasks(x) ∧ OutputSequence(x, text) → LanguageGenerationTask(x))","(exists x.(NLPTask(x) & exists y.(TextSequence(y) & OutputOf(y, x))) -> exists x.(NLPTask(x) & LanguageGenerationTask(x)))","0.0","","","0.12777787059233958","0.0"
"191","Machine translation is a natural language processing task.","NaturalLanguageProcessingTask(machineTranslation)","NaturalLanguageProcessingTask(machineTranslation)","1.0","1.0","1.0","1.0000000000000004","1.0"
"191","The output of machine translation is a text sequence.","OutputSequence(machineTranslation, text)","exists x.(OutputOf(x, machineTranslation) & TextSequence(x))","0.5","","","0.021680547368840782","0.0"
"166","Pets are allowed in some managed buildings.","∃x (ManagedBuilding(x) ∧ AllowPet(x))","exists y.(ManagedBuilding(y) & all x.(Pet(x) -> AllowedIn(x, y)))","0.5","","","0.09010289621149671","0.0"
"166","A deposit is required to rent an apartment in a managed building.","∀x ∀y (ManagedBuilding(x) ∧ RentApartmentIn(y, x) → DepositRequired(y))","exists x.(Deposit(x) & exists y.(Apartment(y) & exists z.(ManagedBuilding(z) & (RequiredToRent(x, y) & In(y, z)))))","0.5","","","0.09662570296624354","0.0"
"166","Fluffy is Tom's cat.","Cat(fluffy) ∧ BelongTo(fluffy, tom)","CatOf(fluffy, tom)","0.0","1.0","0.0","0.3508439695638686","0.0"
"166","Cats are pets.","∀x (Cat(x) → Pet(x))","all x.(Cat(x) -> Pet(x))","1.0","1.0","1.0","0.829288386658654","0.0"
"166","The Olive Garden is a managed building.","ManagedBuilding(oliveGarden)","ManagedBuilding(oliveGarden)","1.0","1.0","1.0","1.0000000000000004","1.0"
"166","The monthly rent at the Olive Garden is $2000.","MonthlyRentAt(uSD2000, oliveGarden)","exists x.((MonthlyRentAt(x, oliveGarden) & Amount(amount2000)) & Amount(x))","0.6666666666666666","1.0","0.8","0.022345427029016582","0.0"
"166","$2000 is more than $1500.","MoreThan(uSD2000, uSD1500)","MoreThan(twoThousand, fifteenHundred)","0.0","1.0","0.0","0.19304869754804482","0.0"
"166","If a managed building allows pets, then people are allowed to move in with a pet.","∀x ∀y ∀z (ManagedBuilding(x) ∧ AllowPet(x) ∧ Pet(z) → AllowedToMoveInWith(y, x, z))","all x.((ManagedBuilding(x) & AllowsPets(x)) -> all y.(Person(y) -> exists z.(Pet(z) & MoveInWith(y, z))))","0.5","1.0","0.6666666666666666","0.2869123534509794","0.0"
"352","All business organizations are legal entities.","∀x (BusinessOrganization(x) → LegalEntity(x))","all x.(BusinessOrganization(x) -> LegalEntity(x))","1.0","1.0","1.0","0.829288386658654","0.0"
"352","All companies are business organizations.","∀x (Company(x) → BusinessOrganization(x))","all x.(Company(x) -> BusinessOrganization(x))","1.0","1.0","1.0","0.829288386658654","0.0"
"352","All private companies are companies.","∀x (PrivateCompany(x) → Company(x))","all x.(PrivateCompany(x) -> Company(x))","1.0","1.0","1.0","0.829288386658654","0.0"
"352","All legal entities are created under law.","∀x (LegalEntity(x) → CreatedUnderLaw(x))","all x.(LegalEntity(x) -> CreatedUnderLaw(x))","1.0","1.0","1.0","0.829288386658654","0.0"
"352","All legal entities have legal obligations.","∀x (LegalEntity(x) → LegalObligation(x))","all x.(LegalEntity(x) -> HaveLegalObligations(x))","0.0","1.0","0.0","0.6142150942225169","0.0"
"352","If the Harvard Weekly Book Club is created under law, then it is not a private company.","CreatedUnderLaw(harvardWeeklyBookClub) → ¬PrivateCompany(harvardWeeklyBookClub)","(CreatedUnderLaw(harvardWeeklyBookClub) -> -PrivateCompany(harvardWeeklyBookClub))","1.0","","","0.8337529180751808","0.0"
"472","All vertebrate animals have a backbone.","∀x (Animal(x) ∧ Vertebrate(x) → With(x, backbone))","all x.(VertebrateAnimal(x) -> HaveBackbone(x))","0.0","1.0","0.0","0.27040919538286945","0.0"
"472","All queen bees are bees.","∀x (QueenBee(x) → Bee(x))","all x.(QueenBee(x) -> Bee(x))","1.0","1.0","1.0","0.829288386658654","0.0"
"472","Harry is a bee.","Bee(harry)","Bee(harry)","1.0","1.0","1.0","1.0000000000000004","1.0"
"379","If people live at home, then they do not live with strangers.","∀x (LiveAt(x, home) → ¬LiveWith(x, strangers))","all x.(Person(x) -> (LiveAt(x, home) -> all y.(Stranger(y) -> -LiveWith(x, y))))","0.0","1.0","0.0","0.27458928428937623","0.0"
"379","If people spend a lot of time hanging out with and playing with their siblings, then they often live at home.","∀x (SpendTimeplayingWith(x, sibling) → LiveAt(x, home))","(all x.(Person(x) -> exists y.(Sibling(y, x) & (SpendTimeWith(x, y) & PlayWith(x, y)))) -> all x.(Person(x) -> LiveAt(x, home)))","0.0","","","0.06530568025020918","0.0"
"197","It costs $205 to take the GRE test, which is cheaper than $300.","Cost(gRE, 205) ∧ Cheaper(205, 300)","(Cost(greTest, dollar205) & CheaperThan(dollar205, dollar300))","0.0","1.0","0.0","0.08908685805449107","0.0"
"197","ETS provides financial aid to those GRE applicants who prove economic hardship.","∀x (ApplicantOf(x, gre) ∧ Prove(x, economicHardship) → ProvideTo(ets, financialAid, x))","all x.((GREApplicant(x) & ProveEconomicHardship(x)) -> ProvideFinancialAidTo(ets, x))","0.0","1.0","0.0","0.2082376263771738","0.0"
"197","Tom lives in a single-parent family.","LivingIn(tom, singleParentFamily)","exists y.(SingleParentFamily(y) & LiveIn(tom, y))","0.5","","","0.06132184825737391","0.0"
"197","Tom's dad has been out of work, and Tom has few resources available to them.","OutOfWork(tomsDad) ∧ AvailableTo(fewResources, tom)","(OutOfWork(tomsDad) & HasFewResources(tom))","0.3333333333333333","1.0","0.5","0.4172261448611506","0.0"
"197","Tom is applying to take the GRE test.","ApplicantOf(tom, gre)","exists x.(GreTest(x) & ApplyingToTake(tom, x))","0.5","","","0.06132184825737391","0.0"
"361","If people spill a lot of food on their clothing, then they are not notably tidy.","∀x (Spill(x, aLotOfFood, clothing) → ¬NotablyTidy(x))","all x.(Person(x) -> (SpillFoodOnClothing(x) -> -NotablyTidy(x)))","0.0","1.0","0.0","0.3853963146873699","0.0"
"361","All clumsy foodies who go out frequently to find new food restaurants to try are people who spill a lot of food on their clothing.","∀x (ClumsyFoodie(x) ∧ GoOutFrequentlyToFindToTry(x, newFoodRestaurant) → SpillOn(x, aLotOfFood, clothing))","all x.(exists y.((ClumsyFoodie(x) & GoOutFrequently(x) & Find(x, y) & NewFoodRestaurant(y))) -> (Person(x) & SpillFoodOnClothing(x)))","0.0","1.0","0.0","0.14522746526942762","0.0"
"361","If people are cleanly, then they are notably tidy.","∀x (Cleanly(x) → NotablyTidy(x))","all x.((Person(x) & Cleanly(x)) -> NotablyTidy(x))","1.0","1.0","1.0","0.42059188047930574","0.0"
"262","All fir trees are evergreens.","∀x (FirTree(x) → Evergreen(x))","all x.(FirTree(x) -> Evergreen(x))","1.0","1.0","1.0","0.829288386658654","0.0"
"262","Some objects of worship are fir trees.","∃x ∃y (ObjectOfWorship(x) ∧ ObjectOfWorship(y) ∧ FirTree(x) ∧ FirTree(y) ∧ ¬(x=y))","exists x.(ObjectOfWorship(x) & FirTree(x))","1.0","","","0.31036538959461696","0.0"
"124","Juan de Onate visited the Picuris Mountains.","Visited(juanDeOnate, thePicurisMountains)","Visited(juanDeOnate, picurisMountains)","0.0","1.0","0.0","0.537284965911771","0.0"
"124","The Harding Pegmatite Mine, located in the Picuris Mountains, was donated.","In(hardingPegmatiteMine, thePicurisMountains) ∧ Mine(hardingPegmatiteMine) ∧ Donated(hardingPegmatiteMine)","(LocatedIn(hardingPegmatiteMine, picurisMountains) & Donated(hardingPegmatiteMine))","0.3333333333333333","1.0","0.5","0.40325042950627804","0.0"
"124","There are no mountain ranges in texas that have mines that have been donated.","∀x ∀y (Mine(x) ∧ Donated(x) ∧ In(x, y) ∧ MountainRange(y) → ¬In(y, texas))","all x.(exists y.(exists z.((MountainRange(x) & In(x, texas) & Has(x, y) & Mine(y) & Has(y, z) & Donated(z)))) -> -MountainRange(x))","0.0","0.8823529411764706","0.0","0.30705395660154056","0.0"
"183","If a man is taller than another man, the taller one can block the other's shooting.","∀x ∀y (Man(x) ∧ Man(y) ∧ Taller(x, y) → CanBlock(x, y))","all x.(Man(x) -> all y.((Man(y) & TallerThan(x, y)) -> CanBlockShooting(x, y)))","0.0","1.0","0.0","0.45461395186223597","0.0"
"183","If person x is taller than person y, and person y is taller than person z, then x is taller than z","∀x ∀y ∀z ((Taller(x, y) ∧ Taller(y, z)) → Taller(x, z))","((TallerThan(x, y) & TallerThan(y, z)) -> TallerThan(x, z))","0.0","","","0.5330822624551697","0.0"
"183","Peter is a man who is taller than Michael.","Man(peter) ∧ Taller(peter, michael)","(Man(peter) & TallerThan(peter, michael))","0.3333333333333333","1.0","0.5","0.5850343668259105","0.0"
"183","Michael cannot block Windy's shooting.","¬CanBlock(michael, windy)","-BlockShooting(michael, windy)","0.0","1.0","0.0","0.6434588841607617","0.0"
"183","Every shooter who can jump when shooting is a great shooter.","∀x (JumpWhenShooting(x) → GreatShooter(x))","all x.((Shooter(x) & CanJumpWhenShooting(x)) -> GreatShooter(x))","0.0","1.0","0.0","0.37254028630424046","0.0"
"151","Barutin Cove is a cove named after the Bulgarian settlement of Barutin.","Cove(barutinCove) ∧ NamedAfter(barutinCove, barutinSettlement) ∧ LocatedIn(barutinSettlement, bulgaria)","(Cove(barutinCove) & NamedAfter(barutinCove, barutin) & BulgarianSettlement(barutin))","0.25","1.0","0.4","0.5085991394194218","0.0"
"151","Barutin Cove is on the southwest coast of Snow Island.","LocatedIn(barutinCove, snowIsland)","OnSouthwestCoastOf(barutinCove, snowIsland)","0.0","1.0","0.0","0.7598356856515927","0.0"
"151","Snow Island, Greenwich Island, and Deception Island are located in the South Shetland Islands.","LocatedIn(snowIsland, southShetlandIslands) ∧ LocatedIn(greenwichIsland, southShetlandIslands) ∧ LocatedIn(deceptionIsland, southShetlandIslands)","(LocatedIn(snowIsland, southShetlandIslands) & LocatedIn(greenwichIsland, southShetlandIslands) & LocatedIn(deceptionIsland, southShetlandIslands))","1.0","1.0","1.0","0.9048374180359599","0.0"
"151","Antarctica is located on the South Shetland Islands.","LocatedIn(southShetlandIslands, antarctica)","LocatedOn(antarctica, southShetlandIslands)","0.0","1.0","0.0","0.12137294292683093","0.0"
"151","If place A is located in place B and place B is located in place C, then place A is located in place C.","∀x ∀y ∀z ((LocatedIn(x, y) ∧ LocatedIn(y, z)) → LocatedIn(x, z))","((LocatedIn(a, b) & LocatedIn(b, c)) -> LocatedIn(a, c))","0.0","","","0.33150414660895605","0.0"
"295","Some affection is love.","∃x (Affection(x) ∧ Love(x))","exists x.(Affection(x) & Love(x))","1.0","","","0.8149492131269728","0.0"
"295","Some love is positive.","∃x (Love(x) ∧ Positive(x))","exists x.(Love(x) & Positive(x))","1.0","","","0.8149492131269728","0.0"
"315","If something can transport multiple passengers, then they are not one-seaters.","∀x (∃y ∃z (Passenger(y) ∧ Passenger(z) ∧ Transport(x, y) ∧ Transport(x, y) ∧ ¬(y=z)) → ¬OneSeater(x))","all x.(CanTransportMultiplePassengers(x) -> -OneSeater(x))","0.0","1.0","0.0","0.1925147951570986","0.0"
"315","All single-seat electric cars are one-seaters.","∀x (SingleSeat(x) ∧ ElectricCar(x) → OneSeater(x))","all x.(SingleSeatElectricCar(x) -> OneSeater(x))","0.0","1.0","0.0","0.5289128182415862","0.0"
"315","All Solo EV cars are single-seat electric cars.","∀x (SoloEV(x) ∧ Car(x) → SingleSeat(x) ∧ ElectricCar(x))","all x.(SoloEVCar(x) -> SingleSeatElectricCar(x))","0.0","1.0","0.0","0.27412292653919484","0.0"
"315","If John's car is not a Tesla Model 3, then John's car is not a Tesla Model 3 or a single-seat electric car.","¬TeslaModel3(johnsCar) → ¬(TeslaModel3(johnsCar) ∨ (SingleSeat(x) ∧ ElectricCar(johnsCar)))","(-TeslaModel3(johnsCar) -> (-TeslaModel3(johnsCar) | -SingleSeatElectricCar(johnsCar)))","0.0","","","0.5119140711156761","0.0"
"467","All of Peter's pets that are mammals are also animals.","∀x (PetersPet(x) ∧ Mammal(x) → Animal(x))","all x.((PetOf(x, peter) & Mammal(x)) -> Animal(x))","0.0","1.0","0.0","0.5244279838121665","0.0"
"467","All monkeys are mammals.","∀x (Monkey(x) → Mammal(x))","all x.(Monkey(x) -> Mammal(x))","1.0","1.0","1.0","0.829288386658654","0.0"
"467","Peter's birds can fly.","∀x (Bird(x) → CanFly(x))","all x.(BirdOf(x, peter) -> CanFly(x))","0.0","1.0","0.0","0.49900206868068914","0.0"
"467","All animals that are Peter's pets can breathe.","∀x (PetersPet(x) ∧ Animal(x) → Breathe(x))","all x.((Animal(x) & PetersPet(x)) -> CanBreathe(x))","0.0","1.0","0.0","0.45485177463333476","0.0"
"467","If Peter's pet can fly, then it has wings.","∀x (PetersPet(x) ∧ CanFly(x) → ∃y ∃z (¬(y=z) ∧ Wing(y) ∧ Wing(z) ∧ Have(x, y) ∧ Have(x, z)))","(exists x.(PetOf(x, peter) & CanFly(x)) -> exists x.(PetOf(x, peter) & HasWings(x)))","0.0","","","0.23736810439041964","0.0"
"467","Rock is Peter's pet.","PeterSPet(rock)","PetOf(rock, peter)","0.0","1.0","0.0","0.21444097124017666","0.0"
"467","Rock can fly, or Rock is a bird, or Rock cannot breathe.","CanFly(rock) ∨ Bird(rock) ∨ ¬Breathe(rock)","(CanFly(rock) | Bird(rock) | -CanBreathe(rock))","0.0","","","0.700418991088418","0.0"
"330","All people who make wedding plans are people who are engaged.","∀x (Make(x, weddingPlan) → Engaged(x))","all x.(exists y.((Person(x) & Make(x, y) & WeddingPlan(y))) -> Engaged(x))","0.0","1.0","0.0","0.21185042804483814","0.0"
"330","All people who invite others to come to their ceremony make wedding plans.","∀x (∃y ∃z (¬(y=x) ∧ ¬(z=x) ∧ ¬(y=z) ∧ InviteToComeTo(x, y, wedding) ∧ InviteToComeTo(x, z, wedding)) → Make(x, weddingPlan))","all x.(exists y.(exists z.((Person(x) & Invite(x, y) & ComeTo(y, z) & Ceremony(z)))) -> MakeWeddingPlans(x))","0.0","1.0","0.0","0.19042962256631207","0.0"
"330","Anyone who has a well-attended wedding invites others to come to their ceremony.","∀x (Have(x, wellAttendedWedding) → ∃y ∃z (¬(y=x) ∧ ¬(z=x) ∧ ¬(y=z) ∧ InviteToComeTo(x, y, wedding) ∧ InviteToComeTo(x, z, wedding)))","all x.(HasWellAttendedWedding(x) -> exists y.(Other(y) & InviteToCeremony(x, y)))","0.5","1.0","0.6666666666666666","0.15836190554794402","0.0"
"330","Some people that have well-attended weddings have larger families.","∃x (Have(x, wellAttendedWedding) ∧ Have(x, largerFamily))","exists x.(exists y.((Person(x) & HaveWedding(x, y) & WellAttended(y))) & HaveLargerFamily(x))","0.25","","","0.06182026008041472","0.0"
"330","If John is engaged, then John does not invite friends to their ceremony and make wedding plans.","Engaged(john) → ¬(∃y ∃z (¬(y=x) ∧ ¬(z=x) ∧ ¬(y=z) ∧ InviteToComeTo(john, y, wedding) ∧ Invite(john, z, comeTo, wedding))) ∧ Make(john, weddingPlan)","(Engaged(john) -> -((InviteTo(john, friends) & Ceremony(friends) & MakeWeddingPlans(john))))","0.0","","","0.17799943367125604","0.0"
"26","Some mammals have teeth.","∃x ∃y (Mammal(x) ∧ Mammal(y) ∧ (¬(x=y)) ∧ Have(x, teeth) ∧ Have(y, teeth))","exists x.(Mammal(x) & HaveTeeth(x))","0.5","","","0.15968868821021093","0.0"
"26","Platypuses have no teeth.","¬Have(platypus, teeth)","all x.(Platypus(x) -> -HasTeeth(x))","0.0","1.0","0.0","0.02389389104935703","0.0"
"26","Platypuses are mammals.","Mammal(platypus)","all x.(Platypus(x) -> Mammal(x))","0.0","1.0","0.0","0.022601912083007672","0.0"
"26","Humans have teeth.","Have(humans, teeth)","all x.(Human(x) -> HaveTeeth(x))","0.0","1.0","0.0","0.021537493400170523","0.0"
"203","Plungers suck.","∀x (Plunger(x) → Suck(x))","Suck(plungers)","0.0","1.0","0.0","0.06285596338261262","0.0"
"203","Vacuums suck.","∀x (Vacuum(x) → Suck(x))","Suck(vacuums)","0.0","1.0","0.0","0.06285596338261262","0.0"
"203","Vampires suck.","∀x (Vampire(x) → Suck(x))","Suck(vampires)","0.0","1.0","0.0","0.06285596338261262","0.0"
"203","Space is a vacuum.","Vacuum(space)","Vacuum(space)","1.0","1.0","1.0","1.0000000000000004","1.0"
"203","A duster is a household appliance that doesn't suck.","HouseholdAppliance(duster) ∧ ¬Suck(duster)","exists x.(Duster(x) & (HouseholdAppliance(x) & -Suck(x)))","0.25","","","0.14069925505610498","0.0"
"131","Unsupervised learning algorithms do not require labeled data.","∀x (UnsupervisedLearningAlgorithm(x) → ¬Require(x, labeledData))","all x.(UnsupervisedLearningAlgorithm(x) -> all y.(LabeledData(y) -> -Require(x, y)))","0.0","1.0","0.0","0.37352407648237135","0.0"
"131","The state-of-the-art text summarization model is trained with machine learning algorithms.","∀x (TrainedWith(stateOfTheArtTextSummarizationModel, x) → MachineLearningAlgorithm(x))","exists x.(StateOfTheArtTextSummarizationModel(x) & exists y.(MachineLearningAlgorithm(y) & TrainedWith(x, y)))","0.6666666666666666","","","0.0866514042293359","0.0"
"131","Reinforcement learning is not used to train the state-of-the-art text summarization model.","∀x (ReinforcementLearningAlgorithm(x) → ¬TrainedWith(stateOfTheArtTextSummarizationModel, x))","exists x.(StateOfTheArtTextSummarizationModel(x) & -UsedToTrain(reinforcementLearning, x))","0.5","","","0.23183229599938115","0.0"
"131","The Machine Learning algorithm for training text summarization models requires labeled data.","∀x ((MachineLearningAlgorithm(x) ∧ TrainedWith(stateOfTheArtTextSummarizationModel, x)) → Require(x, labeledData))","exists x.(exists y.(exists z.((AlgorithmFor(x, y) & Training(x) & TextSummarizationModel(y)))) & Require(x, z))","0.25","","","0.14028108602563502","0.0"
"460","If a film is appropriate for people of all ages, then children can watch it without guidance from parents.","∀x (Film(x) ∧ Rated(x, adultsOnly) → CanWatchWithout(children, x, guidanceFromParents))","(AppropriateForAllAges(film) -> all x.(Child(x) -> exists y.(Parent(y) & WatchWithoutGuidance(x, film))))","0.0","","","0.1094763232421544","0.0"
"460","If a film contains excessive erotic and violent content, children cannot watch it without guidance from their parents.","∀x (Film(x) ∧ Contain(x, excessiveEroticContent) ∧ Contain(x, excessiveViolentContent) → ¬CanWatchWithout(children, x, guidanceFromParents))","(exists x.((Film(x) & ContainsExcessiveEroticContent(x) & ContainsViolentContent(x)) & Film(x)) -> all y.(Child(y) -> exists z.(Parent(z) & -WatchWithoutGuidance(y, z))))","0.0","1.0","0.0","0.11688405157726796","0.0"
"460","If a film is rated General Audience, then it is appropriate for people of all ages.","∀x (Film(x) ∧ Rated(x, generalAudience) → AppropriateFor(x, peopleOfAllAges))","all x.((Film(x) & RatedGeneralAudience(x)) -> all y.(Person(y) -> AppropriateFor(x, y)))","0.0","1.0","0.0","0.31449747962563784","0.0"
"460","All family-friendly animated films are rated General Audience.","∀x (Film(x) ∧ FamilyFriendly(x) ∧ Animated(x) → Rated(x, generalAudience))","all x.(FamilyFriendlyAnimatedFilm(x) -> RatedGeneralAudience(x))","0.0","1.0","0.0","0.21509345540322522","0.0"
"460","All movies in the Frozen series are family-friendly animated films.","∀x (Film(x) ∧ InfrozenSeries(x) → FamilyFriendly(x) ∧ Animated(x))","all x.((Movie(x) & InSeries(x, frozenSeries) & FrozenSeries(frozenSeries)) -> FamilyFriendlyAnimatedFilm(x))","0.0","1.0","0.0","0.24429427594341313","0.0"
"460","“Hachi: A dog’s Tale” is a film.","Film(hachiAdogsTale)","Film(hachiADogsTale)","1.0","1.0","1.0","0.35355339059327373","0.0"
"46","Breeding back is a form of artificial selection by the deliberate selective breeding of domestic animals.","∀x (BreedingBack(x) → (ArtificialSelection(x) ∧ DeliberateSelectiveBreedingOfDomesticAnimals(x)))","exists x.((FormOf(x, y) & ArtificialSelection(y)) & exists z.(DomesticAnimal(z) & DeliberateSelectiveBreeding(x, z)))","0.0","","","0.068305334854717","0.0"
"46","Heck cattle were bred back in the 1920s to resemble the aurochs.","∃x ∃y (HeckCattle(x) ∧ BreedingBack(x) ∧ Auroch(y) ∧ Resemble(x, y))","(BredBackIn(heckCattle, the1920s) & Resemble(heckCattle, aurochs))","0.0","1.0","0.0","0.11434338200880834","0.0"
"46","Heck cattle are animals.","∀x (HeckCattle(x) → Animal(x))","all x.(HeckCattle(x) -> Animal(x))","1.0","1.0","1.0","0.829288386658654","0.0"
"46","Aurochs are animals.","∀x (Auroch(x) → Animal(x))","all x.(Aurochs(x) -> Animal(x))","0.0","1.0","0.0","0.6907970600740104","0.0"
"483","Everyone who can register to vote in the United States can participate in the 2024 United States presidential election.","∀x (CanRegisterToVoteIn(x, unitedStates) → CanParticipateIn(x, 2024UnitedStatesElection))","all x.((CanRegisterToVoteIn(x, unitedStates) & UnitedStates(unitedStates)) -> CanParticipateIn(x, presidentialElection2024))","0.0","1.0","0.0","0.4575239144175795","0.0"
"483","If someone has United States citizenship, then they can register to vote in the United States.","∀x (Have(x, unitedStatesCitizenship) → CanRegisterToVoteIn(x, unitedStates))","all x.((HasCitizenship(x, unitedStates) -> CanRegisterToVoteIn(x, unitedStates)))","0.0","1.0","0.0","0.5392558483745358","0.0"
"483","No Russian Federation officials hold Taiwanese citizenship.","∀x (Russian(x) ∧ FederationOfficial(x) → ¬Have(x, taiwaneseCitizenship))","all x.(RussianFederationOfficial(x) -> -HoldCitizenship(x, taiwaneseCitizenship))","0.0","1.0","0.0","0.46086624699736534","0.0"
"483","Vladimir neither holds Taiwanese citizenship nor is he a manager at Gazprom.","¬Have(vladimir, taiwaneseCitizenship) ∧ ¬ManagerAt(vladimir, gazprom)","(-HoldsTaiwaneseCitizenship(vladimir) & -ManagerAt(vladimir, gazprom))","0.3333333333333333","1.0","0.5","0.6100034457014367","0.0"
"483","Ekaterina she can register to vote in the United States, or she is a Russian federation official.","(Russian(ekaterina) ∧ FederationOfficial(ekaterina)) ∨ CanRegisterToVoteIn(ekaterina, unitedStates)","(CanRegisterToVoteIn(ekaterina, unitedStates) | RussianFederationOfficial(ekaterina))","0.0","","","0.4334366012758324","0.0"
"80","New Vessel Press is a publishing house specializing in translating foreign literature into English.","PublishingHouse(newVesselPress) ∧ SpecializesInTranslatingIntoEnglish(newVesselPress, foreignLiterature)","(PublishingHouse(newVesselPress) & exists x.(ForeignLiterature(x) & exists y.(English(y) & SpecializesInTranslating(newVesselPress, x))))","0.6","1.0","0.7499999999999999","0.06540345297426571","0.0"
"80","All of New Vessel Press's published books are in English.","∀x ((Book(x) ∧ PublishedBy(x, newVesselPress)) → In(x, english))","all x.((Book(x) & PublishedBy(x, newVesselPress)) -> InLanguage(x, english))","0.0","1.0","0.0","0.7989296424722062","0.0"
"80","Neapolitan Chronicles is a book published by New Vessel Press.","Book(neapolitanChronicles) ∧ PublishedBy(neapolitanChronicles, newVesselPress)","(Book(neapolitanChronicles) & PublishedBy(neapolitanChronicles, newVesselPress))","1.0","1.0","1.0","0.8337529180751808","0.0"
"80","Neapolitan Chronicles was translated from Italian.","TranslatedFrom(neapolitanChronicles, italian)","TranslatedFrom(neapolitanChronicles, italian)","1.0","1.0","1.0","1.0000000000000004","1.0"
"80","Palace of Flies is a book published by New Vessel Press.","Book(palaceOfFlies) ∧ PublishedBy(palaceOfFlies, newVesselPress)","(Book(palaceOfFlies) & PublishedBy(palaceOfFlies, newVesselPress))","1.0","1.0","1.0","0.8337529180751808","0.0"
"363","All hydrocarbons are organic compounds .","∀x (Hydrocarbon(x) → Orgranic(x) ∧ Compound(x))","all x.(Hydrocarbon(x) -> OrganicCompound(x))","0.0","1.0","0.0","0.4702773871923358","0.0"
"363","All alkanes are hydrocarbons","∀x (Alkane(x) → Hydrocarbon(x))","all x.(Alkane(x) -> Hydrocarbon(x))","1.0","1.0","1.0","0.829288386658654","0.0"
"363","All organic compounds are chemical compounds.","∀x (Orgranic(x) ∧ Compound(x) → Chemical(x) ∧ Compound(x))","all x.(OrganicCompound(x) -> ChemicalCompound(x))","0.0","1.0","0.0","0.27412292653919484","0.0"
"363","All organic compounds contain carbon.","∀x (Orgranic(x) ∧ Compound(x) → Contain(x, carbon))","all x.(OrganicCompound(x) -> Contain(x, carbon))","0.0","1.0","0.0","0.5795086255869998","0.0"
"363","No chemical compounds contain only one element.","∀x (Chemical(x) ∧ Compound(x) → ∀y ∀z (¬(Contain(x, y) ∧ Contain(x, z) ∧ (y=z))))","all x.(ChemicalCompound(x) -> -ContainOnlyOneElement(x))","0.0","1.0","0.0","0.12946143991019363","0.0"
"258","All humans are mortal.","∀x (Human(x) → Mortal(x))","all x.(Human(x) -> Mortal(x))","1.0","1.0","1.0","0.829288386658654","0.0"
"258","All Greeks are humans.","∀x (Greek(x) → Human(x))","all x.(Greek(x) -> Human(x))","1.0","1.0","1.0","0.829288386658654","0.0"
"435","None of the students who currently work in the library are from the computer science department.","∀x (Student(x) ∧ WorkIn(x, library) → (¬From(x, computerScienceDepartment)))","all x.((Student(x) & WorkIn(x, library)) -> -FromDepartment(x, csDepartment))","0.0","1.0","0.0","0.5778433678510942","0.0"
"435","All of the students with part-time jobs offered by the university currently work in the library.","∀x (Student(x) ∧ Have(x, partTimeJob) ∧ OfferedBy(y, university) → WorkIn(x, library))","all x.(exists y.((Student(x) & PartTimeJob(y) & OfferedBy(y, university))) -> WorkIn(x, library))","0.0","1.0","0.0","0.569929044427659","0.0"
"435","All of the students who are taking the database course are from the computer science department.","∀x ((Student(x) ∧ Take(x, databaseCourse)) → From(x, computerScienceDepartment))","all x.((Student(x) & Taking(x, databaseCourse) & DatabaseCourse(databaseCourse)) -> From(x, csDepartment))","0.0","1.0","0.0","0.5612190031847339","0.0"
"435","All students working in the lab are taking a class with Professor David.","∀x ((Student(x) ∧ WorkIn(x, lab)) → InstructedBy(x, professorDavid))","all x.((Student(x) & WorkIn(x, theLab) & Lab(theLab)) -> TakeClassWith(x, professorDavid))","0.0","1.0","0.0","0.5612190031847339","0.0"
"435","James is a student working in the lab.","Student(james) ∧ WorkIn(james, lab)","(Student(james) & exists x.(Lab(x) & WorkIn(james, x)))","0.5","1.0","0.6666666666666666","0.25901947214790466","0.0"
"435","James doesn't work in the lab or have a part-time job offered by the university.","¬∃x (PartTimeJob(x) ∧ Have(james, x) ∧ OfferedBy(x, computerScienceDepartment)) ∧ ¬WorkIn(james, lab)","-((exists x.(Lab(x) & WorkIn(james, x)) | exists y.(exists z.((PartTimeJob(y) & OfferedBy(y, z) & University(z))) & HaveJob(james, y))))","0.0","1.0","0.0","0.1857357083272496","0.0"
"217","If George likes music, he wants to compose.","LikeMusic(george) → WantToCompose(george)","(Likes(george, music) -> WantsToCompose(george))","0.0","","","0.20007350064179893","0.0"
"217","If George has access to a program, he can compose.","AccesstoProgram(george) → CanCompose(george)","(exists y.(Program(y) & HasAccessTo(george, y)) -> CanCompose(george))","0.0","","","0.17437038542312458","0.0"
"217","If George can compose and wants to compose, he will compose.","(WantToCompose(george) ∧ CanCompose(george)) → WillCompose(george)","((CanCompose(george) & WantsToCompose(george)) -> WillCompose(george))","0.0","","","0.6888649915186147","0.0"
"292","A hawk never swims.","∀x (Hawk(x) → ¬Swim(x))","all x.(Hawk(x) -> -Swims(x))","0.0","1.0","0.0","0.6447651430294847","0.0"
"292","Some birds are hawks.","∃x ∃y (Bird(x) ∧ Bird(y) ∧ Hawk(x) ∧ Hawk(y) ∧ ¬(x=y))","exists x.(Bird(x) & Hawk(x))","1.0","","","0.31036538959461696","0.0"
"318","Some show airing at 8 pm on Monday gives out roses on TV.","∃x (Show(x) ∧ AiringAtOn(x, 8PMMonday) ∧ GivenOutOn(x, rose, tV))","exists x.((Show(x) & AiringAt(x, 8PmMonday)) & GivesOutRosesOnTV(x))","0.0","","","0.323845564419726","0.0"
"318","If a show gives out roses on TV, then the show is an episode of The Bachelor.","∀x (Show(x) ∧ GivenOutOnAt(rose, tV, x) → TheBachelor(x))","all x.(Show(x) -> (GivesOutRosesOnTV(x) -> EpisodeOfTheBachelor(x)))","0.0","1.0","0.0","0.39022736644855677","0.0"
"318","The Bachelor portrays the lives of real people.","∀x (TheBachelor(x) → Portray(x, lifeOfRealPeople))","exists x.((Person(x) & Real(x)) & PortraysLivesOf(theBachelor, x))","0.6666666666666666","","","0.09444587742477392","0.0"
"318","All shows portraying the lives of real people are reality TV shows.","∀x (Portray(x, liveOfRealPeople) → RealityTVShow(x))","all x.((Show(x) & PortrayLivesOfRealPeople(x)) -> RealityTVShow(x))","0.0","1.0","0.0","0.365928041260105","0.0"
"318","Breaking Bad is a show.","Show(breakingBad)","Show(breakingBad)","1.0","1.0","1.0","1.0000000000000004","1.0"
"318","Breaking Bad is not a reality TV show.","¬RealityTVShow(breakingBad)","-RealityTVShow(breakingBad)","1.0","1.0","1.0","1.0000000000000004","1.0"
"107","Heinrich Schmidt was a German politician.","German(heinrichSchmidt) ∧ Politician(heinrichSchmidt)","GermanPolitician(heinrichSchmidt)","0.0","1.0","0.0","0.17747405280050266","0.0"
"107","Heinrich Schmidt was also a member of the Prussian State Parliament and the Nazi Reichstag.","Member(heinrichSchmidt, prussianStateParliament) ∧ Member(heinrichSchmidt, naziReichstag)","(MemberOf(heinrich, prussianStateParliament) & MemberOf(heinrich, naziReichstag))","0.0","1.0","0.0","0.25535218922489117","0.0"
"386","Severe cancers are deadly diseases.","∀x (SevereCancer(x) → DeadlyDiseases(x))","all x.(SevereCancer(x) -> DeadlyDisease(x))","0.0","1.0","0.0","0.6142150942225169","0.0"
"386","Bile duct cancer is a severe form cancer.","∀x (BileDuctCancer(x) → SevereCancer(x))","SevereFormCancer(bileDuctCancer)","0.0","1.0","0.0","0.03377156414337854","0.0"
"386","All Cholangiocarcinoma is bile duct cancer.","∀x (Cholangiocarcinoma(x) → BileDuctCancer(x))","all x.(Cholangiocarcinoma(x) -> BileDuctCancer(x))","1.0","1.0","1.0","0.829288386658654","0.0"
"386","Mild flu comes with a low survival rate.","∀x (MildFlu(x) → ¬ComeWith(x, lowSurvivalRate))","(MildFlu(mildFlu) & ComesWith(mildFlu, lowSurvivalRate) & LowSurvivalRate(lowSurvivalRate))","0.0","1.0","0.0","0.17481639466038296","0.0"
"386","Colorectal cancer is not both a bile duct cancer and with a low survival rate.","¬(BileDuctCancer(colorectalCancer) ∧ ComeWith(colorectalCancer, lowSurvivalRate))","-((BileDuctCancer(colorectalCancer) & LowSurvivalRate(colorectalCancer)))","0.0","1.0","0.0","0.45788313721339846","0.0"
"355","All people who eat salads regularly are very conscious about their health and eating habits.","∀x (RegularlyEat(x, salad) → ConsciousAbout(x, health) ∧ ConsciousAbout(x, eatinggHabit))","all x.(exists y.((Person(x) & EatRegularly(x, y) & Salad(y))) -> (ConsciousAboutHealth(x) & ConsciousAboutEatingHabits(x)))","0.0","1.0","0.0","0.07900397583329097","0.0"
"355","All people who disregard their physical well-being are not very conscious about their health and eating habits.","∀x (Disregard(x, physicalWellbeing) → ¬(ConsciousAbout(x, health) ∧ ConsciousAbout(x, eatingHabit)))","all x.((Person(x) & DisregardPhysicalWellBeing(x)) -> -((ConsciousAboutHealth(x) & ConsciousAboutEatingHabits(x))))","0.0","1.0","0.0","0.2093669909709909","0.0"
"51","The summer Olympic games is a sporting event.","SportingEvent(olympics)","SportingEvent(summerOlympicGames)","0.0","1.0","0.0","0.35355339059327373","0.0"
"51","The last summer Olympic games was in Tokyo.","LastSummerOlympics(tokyo)","In(lastSummerOlympicGames, tokyo)","0.0","1.0","0.0","0.21444097124017666","0.0"
"51","The United States won the most medals in Tokyo.","MostMedals(unitedStates, tokyo)","WonMostMedalsIn(unitedStates, tokyo)","0.0","1.0","0.0","0.7598356856515927","0.0"
"259","All horses have hooves.","∀x (Horse(x) → ∃y ∃z (¬(y=z) ∧ Hoof(y) ∧ Hoof(z) ∧ Have(x, y) ∧ Have(x, z)))","all x.(Horse(x) -> HasHooves(x))","0.0","1.0","0.0","0.15634395534417134","0.0"
"259","No humans have hooves.","∀x (Human(x) → ¬(∃y ∃z (¬(y=z) ∧ Hoof(y) ∧ Hoof(z) ∧ Have(x, y) ∧ Have(x, z))))","all x.(Human(x) -> -HaveHooves(x))","0.0","1.0","0.0","0.16952707579135307","0.0"
"152","Susan flies to LGA airport.","FlyTo(susan, lgaAirport)","FliesTo(susan, lgaAirport)","0.0","1.0","0.0","0.7598356856515927","0.0"
"152","John flies from LGA airport.","FlyFrom(john, lgaAirport)","FliesFrom(john, lgaAirport)","0.0","1.0","0.0","0.7598356856515927","0.0"
"441","No one nice to animals is also mean to animals.","∀x (NiceTo(x, animal) → ¬MeanTo(x, animal))","all x.(NiceToAnimals(x) -> -MeanToAnimals(x))","0.0","1.0","0.0","0.21031444120861045","0.0"
"441","Some grumpy people are mean to animals.","∃x (Grumpy(x) ∧ MeanTo(x, animal))","exists x.((Grumpy(x) & Person(x)) & exists y.(Animal(y) & MeanTo(x, y)))","0.75","","","0.20758747099751523","0.0"
"441","All animal lovers are nice to animals.","∀x (AnimalLover(x) → NiceTo(x, animal))","all x.(AnimalLover(x) -> all y.(Animal(y) -> NiceTo(x, y)))","0.0","1.0","0.0","0.34862596670581786","0.0"
"441","All pet owners love animals.","∀x (PetOwner(x) → AnimalLover(x))","all x.(PetOwner(x) -> exists y.(Animal(y) & Love(x, y)))","0.5","1.0","0.6666666666666666","0.22073397647125786","0.0"
"441","Tom is a pet owner.","PetOwner(tom)","PetOwner(tom)","1.0","1.0","1.0","1.0000000000000004","1.0"
"64","A podcast is not a novel.","∀x (Podcast(x) → ¬Novel(x))","all x.(Podcast(x) -> -Novel(x))","1.0","1.0","1.0","0.8415266720024048","0.0"
"64","If a book is a novel and it is written by a person, then the person is a novel writer.","∀x ∀y ((Novel(x) ∧ WrittenBy(x, y)) → WritesNovel(y))","all x.(Book(x) -> all y.((Novel(x) & WrittenBy(x, y) & Person(y)) -> NovelWriter(y)))","0.0","1.0","0.0","0.41559853897405685","0.0"
"64","Dani Shapiro is an American writer.","American(dani_Shapiro) ∧ Writer(dani_Shapiro)","AmericanWriter(daniShapiro)","0.0","1.0","0.0","0.03673526562988939","0.0"
"64","Family History is written by Dani Shapiro.","WrittenBy(family_History, dani_Shapiro)","WrittenBy(familyHistory, daniShapiro)","0.0","1.0","0.0","0.09980099403873663","0.0"
"64","Family History is a novel written in 2003.","Novel(family_History) ∧ WrittenIn(family_History, yr2003)","(Novel(x) & WrittenIn(x, year2003))","0.0","","","0.21023693683267553","0.0"
"64","Dani Shapiro created a podcast called Family Secrets.","Podcast(family_Secrets) ∧ CreatedBy(family_Secrets, dani_Shapiro)","exists x.((Podcast(x) & Called(x, familySecrets)) & Created(daniShapiro, x))","0.6666666666666666","","","0.04647170307871305","0.0"
"64","Boston is an American city.","City(boston) ∧ American(boston)","AmericanCity(boston)","0.0","1.0","0.0","0.17747405280050266","0.0"
"456","Some professional basketball players are not American nationals.","∃x (Professional(x) ∧ BasketballPlayer(x) ∧ ¬AmericanNational(x))","exists x.(ProfessionalBasketballPlayer(x) & -AmericanNational(x))","0.5","","","0.5289128182415862","0.0"
"456","All professional basketball players can do jump shots.","∀x (Professional(x) ∧ BasketballPlayer(x) → CanDo(x, jumpShot))","all x.(ProfessionalBasketballPlayer(x) -> CanDoJumpShots(x))","0.0","1.0","0.0","0.27040919538286945","0.0"
"456","If someone can jump shots, they leap straight into the air.","∀x (CanDo(x, jumpShot) → LeapStraightIntoAir(x))","all x.((CanJumpShots(x) -> LeapStraightIntoAir(x)))","0.0","1.0","0.0","0.5001643305337219","0.0"
"456","If someone leaps straight into the air, they activate their leg muscles.","∀x (LeapStraightIntoAir(x) → Activate(x, legMuscle))","all x.((LeapStraightIntoAir(x) -> ActivateLegMuscles(x)))","0.0","1.0","0.0","0.4519494912044479","0.0"
"280","At least one event is happy.","∃x (Event(x) ∧ Happy(x))","exists x.(Event(x) & Happy(x))","1.0","","","0.8149492131269728","0.0"
"140","The winner of the 1992 du Maurier Classic was Steinhauer.","WinnerOf(steinhauer, duMaurierClassic, year1992)","WinnerOf(steinhauer, duMaurierClassic1992)","0.0","1.0","0.0","0.3655552228545123","0.0"
"140","Steinhauer participated in the 1992 du Maurier Classic.","Participate(duMaurierClassic, steinhauer, year1992)","ParticipatedIn(steinhauer, duMaurierClassic1992)","0.0","1.0","0.0","0.13134549472120788","0.0"
"140","Descampe is from Belgium and is on the leaderboard of the 1992 du Maurier Classic.","From(descampe, belgium) ∧ OnLeaderBoardOf(descampe, duMaurierClassic)","(From(descampe, belgium) & OnLeaderboardOf(descampe, the1992DuMaurierClassic))","0.3333333333333333","1.0","0.5","0.5078431769269645","0.0"
"140","All people on the leaderboard of the 1992 du Maurier Classic participated in the 1992 du Maurier Classic.","∀x (LeaderBoard(maurier, x) → Participate(maurier, x))","all x.((Person(x) & OnLeaderboardOf(x, duMaurierClassic1992)) -> ParticipatedIn(x, duMaurierClassic1992))","0.0","1.0","0.0","0.09473578853025573","0.0"
"459","Jane does not like any animals that bark.","∀x (Animal(x) ∧ Bark(x) → ¬Like(jane, x))","all x.((Animal(x) & Bark(x)) -> -Like(jane, x))","1.0","1.0","1.0","0.7801351506089845","0.0"
"459","All dogs are animals that bark.","∀x (Dog(x) → Animal(x) ∧ Bark(x))","all x.(Dog(x) -> (Animal(x) & Bark(x)))","1.0","1.0","1.0","0.7060424931056594","0.0"
"459","Jane likes all animals that jump.","∀x (Animal(x) ∧ Jump(x) → Like(jane, x))","all x.((Animal(x) & Jump(x)) -> Like(jane, x))","1.0","1.0","1.0","0.7699177117087368","0.0"
"459","If an animal has legs, then it jumps.","∀x (∃y ∃z (¬(y=z) ∧ Leg(y) ∧ Leg(z) ∧ Have(x, y) ∧ Have(x, z)) → Jump(x))","all x.(Animal(x) -> (HasLegs(x) -> Jumps(x)))","0.0","1.0","0.0","0.105544643652334","0.0"
"459","If an animal is terricolous, then it has legs.","∀x (Terricolous(x) → ∃y ∃z (¬(y=z) ∧ Leg(y) ∧ Leg(z) ∧ Have(x, y) ∧ Have(x, z)))","all x.(Terricolous(x) -> HasLegs(x))","0.0","1.0","0.0","0.15634395534417134","0.0"
"459","KiKi is an animal.","Animal(kiki)","Animal(kiki)","1.0","1.0","1.0","1.0000000000000004","1.0"
"459","If KiKi neither jumps nor has legs, then KiKi is terricolous or has legs.","¬Jump(kiki) ∧ ¬(∃y ∃z (¬(y=z) ∧ Leg(y) ∧ Leg(z) ∧ Have(kiki, y) ∧ Have(kiki, z))) → Terricolous(kiki) ∨ ∃y ∃z (¬(y=z) ∧ Leg(y) ∧ Leg(z) ∧ Have(kiki, y) ∧ Have(kiki, z))","(-((Jumps(kiki) | HasLegs(kiki))) -> (Terricolous(kiki) | HasLegs(kiki)))","0.0","","","0.12100839092808936","0.0"
"101","Ailton Silva, born in 1995, is commonly known as Ailton.","BornIn(ailtonSilva, year1995) ∧ CommonlyKnownAs(ailtonSilva, ailton)","(BornIn(ailtonSilva, 1995) & KnownAs(ailtonSilva, ailton))","0.0","","","0.45154353252898716","0.0"
"101","Ailton is a football player who was loaned out to Braga.","FootballPlayer(ailton) ∧ LoanedTo(ailton, braga)","(FootballPlayer(ailton) & LoanedOutTo(ailton, braga))","0.3333333333333333","1.0","0.5","0.5850343668259105","0.0"
"101","Ailton Silva is a Brazilian footballer who plays for Náutico.","Brazilian(ailtonSilva) ∧ Footballplayer(ailtonSilva) ∧ PlayFor(ailtonSilva, nautico)","(BrazilianFootballer(ailtonSilva) & PlaysFor(ailtonSilva, nautico))","0.0","1.0","0.0","0.40325042950627804","0.0"
"101","Náutico is a football club along with Braga.","FootballClub(nautico) ∧ FootballClub(braga)","(FootballClub(nautico) & FootballClub(braga))","1.0","1.0","1.0","0.8007374029168084","0.0"
"101","Fluminense is a football club.","FootballClub(fluminense)","FootballClub(fluminense)","1.0","1.0","1.0","1.0000000000000004","1.0"
